skill_slug,file
better-auth-best-practices,better-auth-best-practices.zh.md
copywriting,copywriting.zh.md
next-best-practices,next-best-practices.zh.md
remembering-conversations,remembering-conversations.zh.md
remotion-best-practices,remotion-best-practices.zh.md
requesting-code-review,requesting-code-review.zh.md
supabase-postgres-best-practices,supabase-postgres-best-practices.zh.md
vercel-react-best-practices,vercel-react-best-practices.zh.md
vue-best-practices,vue-best-practices.zh.md
writing-plans,writing-plans.zh.md
